/* CREATE TABLE super_mart.orders(
    trans_id INT,
    cust_id INT,
    purch_date INT,
    units_sold INT
); */

/* CREATE TABLE super_mart.customers(
    cust_id int,
    cust_name varchar(50),
    contact_no INT,
    payment_method VARCHAR(50)
); */

/* CREATE TABLE super_mart.producers(
    trans_id INT,
    prod_category VARCHAR(50),
    prod_type VARCHAR(50),
    revenue FLOAT,
    purch_date INT
); */


/*CREATE TABLE super_mart.locations(
    trans_id INT,
    cust_id INT,
    city VARCHAR(50),
    states VARCHAR(50),
    country VARCHAR(50),
    postal_code FLOAT
); */

/*
INSERT INTO super_mart.orders(trans_id, cust_id, purch_date, units_sold) VALUES (22212041, 1001, 22-10-2022, 3);
INSERT INTO super_mart.orders(trans_id, cust_id, purch_date, units_sold) VALUES (22212042, 1002, 24-10-2022, 6);
INSERT INTO super_mart.orders(trans_id, cust_id, purch_date, units_sold) VALUES (22212043, 1003, 26-10-2022, 9);
INSERT INTO super_mart.orders(trans_id, cust_id, purch_date, units_sold) VALUES (22212044, 1004, 28-10-2022, 12);
INSERT INTO super_mart.orders(trans_id, cust_id, purch_date, units_sold) VALUES (22212045, 1005, 30-10-2022, 15);
*/

/*
INSERT INTO super_mart.customers(cust_id, cust_name, contact_no, payment_method) VALUES (1001, "sri", 93949602, "payTM");
INSERT INTO super_mart.customers(cust_id, cust_name, contact_no, payment_method) VALUES (1002, "sai", 91534667, "phonPay");
INSERT INTO super_mart.customers(cust_id, cust_name, contact_no, payment_method) VALUES (1003, "mouni", 84754672, "GooglePay");
INSERT INTO super_mart.customers(cust_id, cust_name, contact_no, payment_method) VALUES (1004, "chakri",394770693, "payTM");
INSERT INTO super_mart.customers(cust_id, cust_name, contact_no, payment_method) VALUES (1005, "paddu", 85557802, "AmazonPay");
*/

/*
INSERT INTO super_mart.producers(trans_id, prod_category, prod_type, revenue, purch_date) VALUES (22212041, "ghee", "dairy products", 400000, 22-10-2022);
INSERT INTO super_mart.producers(trans_id, prod_category, prod_type, revenue, purch_date) VALUES (22212042, "grapes", "fruits", 200000, 24-10-2022);
INSERT INTO super_mart.producers(trans_id, prod_category, prod_type, revenue, purch_date) VALUES (22212043, "tomatoes", "vegetables", 630000, 26-10-2022);
INSERT INTO super_mart.producers(trans_id, prod_category, prod_type, revenue, purch_date) VALUES (22212044, "chicken", "meat", 900000, 28-10-2022);
INSERT INTO super_mart.producers(trans_id, prod_category, prod_type, revenue, purch_date) VALUES (22212045, "oats", "cereals", 550000, 30-10-2022);
*/

/*
INSERT INTO super_mart.locations(trans_id, cust_id, city, states, country, postal_code) VALUES (22212041, 1001, "vijayawada", "Andhra Pradesh", "India", 520001);
INSERT INTO super_mart.locations(trans_id, cust_id, city, states, country, postal_code) VALUES (22212042, 1002, "hyderabad", "Telangana", "India", 520321);
INSERT INTO super_mart.locations(trans_id, cust_id, city, states, country, postal_code) VALUES (22212043, 1003, "thirumlagiri", "Telangana", "India", 522201);
INSERT INTO super_mart.locations(trans_id, cust_id, city, states, country, postal_code) VALUES (22212044, 1004, "secunderabad", "Telangana", "India", 530201);
INSERT INTO super_mart.locations(trans_id, cust_id, city, states, country, postal_code) VALUES (22212045, 1005, "musherabad", "Telangana", "India", 533001);
*/











